{"is_source_file": true, "format": "bash", "description": "This script detects the running database (SQLite, PostgreSQL, MySQL, or MongoDB) and performs a backup accordingly. It includes specific checks and commands tailored to each database type and handles different connection methods.", "external_files": ["/usr/lib/postgresql/", "/var/run/mysqld/mysqld.sock"], "external_methods": ["ls", "cp", "sudo", "mysqladmin", "mysql", "mysqldump", "mongosh", "mongodump"], "published": ["DB_NAME", "DB_USER", "DB_PASSWORD", "DB_PORT"], "classes": [], "methods": [], "calls": ["ls", "cp", "sudo -u postgres pg_isready", "pg_dump", "mysqladmin ping", "mysql -h", "mysqldump", "mysql --socket", "mongosh", "mongodump"], "search-terms": ["backup_script", "database_detection", "sqlite_backup", "postgresql_backup", "mysql_backup", "mongodb_backup", "multi-database", "shell script"], "state": 2, "file_id": 1, "knowledge_revision": 18, "git_revision": "", "hash": null, "format-version": 4, "code-base-name": "database", "filename": "database/backup_db.sh", "revision_history": [{"18": ""}]}