{"is_source_file": true, "format": "HTML", "description": "This file is an HTML document for a web-based database viewer interface, including styles and scripts for dynamic data loading and user interactions.", "external_files": ["fetch API endpoints: /api/databases, /api/{db}/tables, /api/{db}/tables/{table}/data"], "external_methods": ["fetch"], "published": [], "classes": [], "methods": [{"name": "loadDatabases", "description": "Fetches and displays the list of databases."}, {"name": "refreshDatabases", "description": "Refreshes the list of databases and resets the UI."}, {"name": "toggleDatabase", "description": "Expands or collapses a database to show its tables."}, {"name": "loadTables", "description": "Fetches and displays tables for a selected database."}, {"name": "loadTableData", "description": "Fetches and renders data for a selected table."}, {"name": "renderTable", "description": "Constructs an HTML table from data."}, {"name": "renderCell", "description": "Renders individual cell content based on data type and length."}, {"name": "expandCell", "description": "Expands or collapses cell content for wide data or objects."}], "calls": ["fetch('/api/databases')", "fetch(\n/api/{db}/tables')", "fetch(\n/api/{db}/tables/{table}/data?limit=50)"], "search-terms": ["HTML database viewer", "dynamic table display", "JavaScript fetch API", "database sidebar", "expandable table cells"], "state": 2, "file_id": 5, "knowledge_revision": 19, "git_revision": "", "hash": null, "format-version": 4, "code-base-name": "database", "filename": "database/db_visualizer/public/index.html", "revision_history": [{"19": ""}]}